mr1,nl1,mr2,nl2,sentbert score,experiment
"name[The Punter], customer rating[average], area[riverside], familyFriendly[no]",The Punter its on the area of riverside with a average rating is not recommended for family,"name[The Punter], customer rating[average], area[riverside], familyFriendly[yes]","The Punter has an average customer rating, is family friendly and is located in the riverside area.",0.518859804,1
"name[The Punter], customer rating[average], area[riverside], familyFriendly[no]",The Punter its on the area of riverside with a average rating is not recommended for family,"name[The Punter], customer rating[average], area[riverside], familyFriendly[yes]",In the riverside area you will find The Punter which is family friendly and has an average rating.,0.551428914,1
"name[The Punter], customer rating[average], area[riverside], familyFriendly[no]",The Punter its on the area of riverside with a average rating is not recommended for family,"name[The Punter], customer rating[average], area[riverside], familyFriendly[yes]",The Punter at riverside is children friendly and has an average rating,0.487811387,1
"name[The Punter], customer rating[average], area[riverside], familyFriendly[no]",The Punter its on the area of riverside with a average rating is not recommended for family,"name[The Punter], customer rating[average], area[riverside], familyFriendly[yes]",The Punter at riverside has an average rating is children friendly,0.508220613,1
"name[The Punter], customer rating[average], area[riverside], familyFriendly[no]",The Punter its on the area of riverside with a average rating is not recommended for family,"name[The Punter], customer rating[average], area[riverside], familyFriendly[yes]",The Punter with an average rating and child friendly can be found by near the river side,0.558854103,1
"name[The Punter], customer rating[average], area[riverside], familyFriendly[no]",The Punter its on the area of riverside with a average rating is not recommended for family,"name[The Punter], customer rating[average], area[riverside], familyFriendly[yes]",The Punter at Riverside is Children friendly and has an average rating,0.487811387,1
"name[The Punter], customer rating[average], area[riverside], familyFriendly[no]",The Punter its on the area of riverside with a average rating is not recommended for family,"name[The Punter], customer rating[average], area[riverside], familyFriendly[yes]",The Punter in riverside is family friendly and has average customer ratings.,0.471651554,1
"name[The Punter], customer rating[average], area[riverside], familyFriendly[no]",The Punter its on the area of riverside with a average rating is not recommended for family,"name[The Punter], customer rating[average], area[riverside], familyFriendly[yes]",with an average rating The Punter at riverside is children friendly,0.537404299,1
"name[The Punter], customer rating[average], area[riverside], familyFriendly[no]",The Punter its on the area of riverside with a average rating is not recommended for family,"name[The Punter], customer rating[average], area[riverside], familyFriendly[yes]",Near the riverside  The Punter has an average  customer rating  and also child friendly,0.487221837,1
"name[The Punter], customer rating[average], area[riverside], familyFriendly[no]",The Punter its on the area of riverside with a average rating is not recommended for family,"name[The Punter], customer rating[average], area[riverside], familyFriendly[yes]",The Punter in a family friendly venue in riverside with an average rating.,0.619348884,1
"name[The Punter], customer rating[average], area[riverside], familyFriendly[no]","Located in the riverside area, The Punter is adult only with average ratings.","name[The Punter], customer rating[average], area[riverside], familyFriendly[yes]","The Punter has an average customer rating, is family friendly and is located in the riverside area.",0.521820903,1
"name[The Punter], customer rating[average], area[riverside], familyFriendly[no]","Located in the riverside area, The Punter is adult only with average ratings.","name[The Punter], customer rating[average], area[riverside], familyFriendly[yes]",In the riverside area you will find The Punter which is family friendly and has an average rating.,0.588787615,1
"name[The Punter], customer rating[average], area[riverside], familyFriendly[no]","Located in the riverside area, The Punter is adult only with average ratings.","name[The Punter], customer rating[average], area[riverside], familyFriendly[yes]",The Punter at riverside is children friendly and has an average rating,0.530362308,1
"name[The Punter], customer rating[average], area[riverside], familyFriendly[no]","Located in the riverside area, The Punter is adult only with average ratings.","name[The Punter], customer rating[average], area[riverside], familyFriendly[yes]",The Punter at riverside has an average rating is children friendly,0.52335155,1
"name[The Punter], customer rating[average], area[riverside], familyFriendly[no]","Located in the riverside area, The Punter is adult only with average ratings.","name[The Punter], customer rating[average], area[riverside], familyFriendly[yes]",The Punter with an average rating and child friendly can be found by near the river side,0.58251369,1
"name[The Punter], customer rating[average], area[riverside], familyFriendly[no]","Located in the riverside area, The Punter is adult only with average ratings.","name[The Punter], customer rating[average], area[riverside], familyFriendly[yes]",The Punter at Riverside is Children friendly and has an average rating,0.530362308,1
"name[The Punter], customer rating[average], area[riverside], familyFriendly[no]","Located in the riverside area, The Punter is adult only with average ratings.","name[The Punter], customer rating[average], area[riverside], familyFriendly[yes]",The Punter in riverside is family friendly and has average customer ratings.,0.492888123,1
"name[The Punter], customer rating[average], area[riverside], familyFriendly[no]","Located in the riverside area, The Punter is adult only with average ratings.","name[The Punter], customer rating[average], area[riverside], familyFriendly[yes]",with an average rating The Punter at riverside is children friendly,0.535188138,1
"name[The Punter], customer rating[average], area[riverside], familyFriendly[no]","Located in the riverside area, The Punter is adult only with average ratings.","name[The Punter], customer rating[average], area[riverside], familyFriendly[yes]",Near the riverside  The Punter has an average  customer rating  and also child friendly,0.500613153,1
"name[The Punter], customer rating[average], area[riverside], familyFriendly[no]","Located in the riverside area, The Punter is adult only with average ratings.","name[The Punter], customer rating[average], area[riverside], familyFriendly[yes]",The Punter in a family friendly venue in riverside with an average rating.,0.602517486,1
"name[The Punter], customer rating[average], area[riverside], familyFriendly[no]","The Punter is in riverside, rated average but not family-friendly.","name[The Punter], customer rating[average], area[riverside], familyFriendly[yes]","The Punter has an average customer rating, is family friendly and is located in the riverside area.",0.620146394,1
"name[The Punter], customer rating[average], area[riverside], familyFriendly[no]","The Punter is in riverside, rated average but not family-friendly.","name[The Punter], customer rating[average], area[riverside], familyFriendly[yes]",In the riverside area you will find The Punter which is family friendly and has an average rating.,0.657789171,1
"name[The Punter], customer rating[average], area[riverside], familyFriendly[no]","The Punter is in riverside, rated average but not family-friendly.","name[The Punter], customer rating[average], area[riverside], familyFriendly[yes]",The Punter at riverside is children friendly and has an average rating,0.627629042,1
"name[The Punter], customer rating[average], area[riverside], familyFriendly[no]","The Punter is in riverside, rated average but not family-friendly.","name[The Punter], customer rating[average], area[riverside], familyFriendly[yes]",The Punter at riverside has an average rating is children friendly,0.625462413,1
"name[The Punter], customer rating[average], area[riverside], familyFriendly[no]","The Punter is in riverside, rated average but not family-friendly.","name[The Punter], customer rating[average], area[riverside], familyFriendly[yes]",The Punter with an average rating and child friendly can be found by near the river side,0.586746037,1
"name[The Punter], customer rating[average], area[riverside], familyFriendly[no]","The Punter is in riverside, rated average but not family-friendly.","name[The Punter], customer rating[average], area[riverside], familyFriendly[yes]",The Punter at Riverside is Children friendly and has an average rating,0.627629042,1
"name[The Punter], customer rating[average], area[riverside], familyFriendly[no]","The Punter is in riverside, rated average but not family-friendly.","name[The Punter], customer rating[average], area[riverside], familyFriendly[yes]",The Punter in riverside is family friendly and has average customer ratings.,0.604852438,1
"name[The Punter], customer rating[average], area[riverside], familyFriendly[no]","The Punter is in riverside, rated average but not family-friendly.","name[The Punter], customer rating[average], area[riverside], familyFriendly[yes]",with an average rating The Punter at riverside is children friendly,0.656755328,1
"name[The Punter], customer rating[average], area[riverside], familyFriendly[no]","The Punter is in riverside, rated average but not family-friendly.","name[The Punter], customer rating[average], area[riverside], familyFriendly[yes]",Near the riverside  The Punter has an average  customer rating  and also child friendly,0.624438763,1
"name[The Punter], customer rating[average], area[riverside], familyFriendly[no]","The Punter is in riverside, rated average but not family-friendly.","name[The Punter], customer rating[average], area[riverside], familyFriendly[yes]",The Punter in a family friendly venue in riverside with an average rating.,0.712028921,1
"name[The Punter], customer rating[average], area[riverside], familyFriendly[no]",The Punter is adult only located in the riverside area with average ratings.,"name[The Punter], customer rating[average], area[riverside], familyFriendly[yes]","The Punter has an average customer rating, is family friendly and is located in the riverside area.",0.514608562,1
"name[The Punter], customer rating[average], area[riverside], familyFriendly[no]",The Punter is adult only located in the riverside area with average ratings.,"name[The Punter], customer rating[average], area[riverside], familyFriendly[yes]",In the riverside area you will find The Punter which is family friendly and has an average rating.,0.567695916,1
"name[The Punter], customer rating[average], area[riverside], familyFriendly[no]",The Punter is adult only located in the riverside area with average ratings.,"name[The Punter], customer rating[average], area[riverside], familyFriendly[yes]",The Punter at riverside is children friendly and has an average rating,0.512606025,1
"name[The Punter], customer rating[average], area[riverside], familyFriendly[no]",The Punter is adult only located in the riverside area with average ratings.,"name[The Punter], customer rating[average], area[riverside], familyFriendly[yes]",The Punter at riverside has an average rating is children friendly,0.508391321,1
"name[The Punter], customer rating[average], area[riverside], familyFriendly[no]",The Punter is adult only located in the riverside area with average ratings.,"name[The Punter], customer rating[average], area[riverside], familyFriendly[yes]",The Punter with an average rating and child friendly can be found by near the river side,0.591430366,1
"name[The Punter], customer rating[average], area[riverside], familyFriendly[no]",The Punter is adult only located in the riverside area with average ratings.,"name[The Punter], customer rating[average], area[riverside], familyFriendly[yes]",The Punter at Riverside is Children friendly and has an average rating,0.512606025,1
"name[The Punter], customer rating[average], area[riverside], familyFriendly[no]",The Punter is adult only located in the riverside area with average ratings.,"name[The Punter], customer rating[average], area[riverside], familyFriendly[yes]",The Punter in riverside is family friendly and has average customer ratings.,0.484806865,1
"name[The Punter], customer rating[average], area[riverside], familyFriendly[no]",The Punter is adult only located in the riverside area with average ratings.,"name[The Punter], customer rating[average], area[riverside], familyFriendly[yes]",with an average rating The Punter at riverside is children friendly,0.514647841,1
"name[The Punter], customer rating[average], area[riverside], familyFriendly[no]",The Punter is adult only located in the riverside area with average ratings.,"name[The Punter], customer rating[average], area[riverside], familyFriendly[yes]",Near the riverside  The Punter has an average  customer rating  and also child friendly,0.490138054,1
"name[The Punter], customer rating[average], area[riverside], familyFriendly[no]",The Punter is adult only located in the riverside area with average ratings.,"name[The Punter], customer rating[average], area[riverside], familyFriendly[yes]",The Punter in a family friendly venue in riverside with an average rating.,0.575955153,1
"name[The Punter], customer rating[average], area[riverside], familyFriendly[no]","The Punter its a great place on riverside , has an average rating but not good for family","name[The Punter], customer rating[average], area[riverside], familyFriendly[yes]","The Punter has an average customer rating, is family friendly and is located in the riverside area.",0.666496634,1
"name[The Punter], customer rating[average], area[riverside], familyFriendly[no]","The Punter its a great place on riverside , has an average rating but not good for family","name[The Punter], customer rating[average], area[riverside], familyFriendly[yes]",In the riverside area you will find The Punter which is family friendly and has an average rating.,0.672879457,1
"name[The Punter], customer rating[average], area[riverside], familyFriendly[no]","The Punter its a great place on riverside , has an average rating but not good for family","name[The Punter], customer rating[average], area[riverside], familyFriendly[yes]",The Punter at riverside is children friendly and has an average rating,0.612515152,1
"name[The Punter], customer rating[average], area[riverside], familyFriendly[no]","The Punter its a great place on riverside , has an average rating but not good for family","name[The Punter], customer rating[average], area[riverside], familyFriendly[yes]",The Punter at riverside has an average rating is children friendly,0.582345188,1
"name[The Punter], customer rating[average], area[riverside], familyFriendly[no]","The Punter its a great place on riverside , has an average rating but not good for family","name[The Punter], customer rating[average], area[riverside], familyFriendly[yes]",The Punter with an average rating and child friendly can be found by near the river side,0.541432321,1
"name[The Punter], customer rating[average], area[riverside], familyFriendly[no]","The Punter its a great place on riverside , has an average rating but not good for family","name[The Punter], customer rating[average], area[riverside], familyFriendly[yes]",The Punter at Riverside is Children friendly and has an average rating,0.612515152,1
"name[The Punter], customer rating[average], area[riverside], familyFriendly[no]","The Punter its a great place on riverside , has an average rating but not good for family","name[The Punter], customer rating[average], area[riverside], familyFriendly[yes]",The Punter in riverside is family friendly and has average customer ratings.,0.655271471,1
"name[The Punter], customer rating[average], area[riverside], familyFriendly[no]","The Punter its a great place on riverside , has an average rating but not good for family","name[The Punter], customer rating[average], area[riverside], familyFriendly[yes]",with an average rating The Punter at riverside is children friendly,0.648355007,1
"name[The Punter], customer rating[average], area[riverside], familyFriendly[no]","The Punter its a great place on riverside , has an average rating but not good for family","name[The Punter], customer rating[average], area[riverside], familyFriendly[yes]",Near the riverside  The Punter has an average  customer rating  and also child friendly,0.670153141,1
"name[The Punter], customer rating[average], area[riverside], familyFriendly[no]","The Punter its a great place on riverside , has an average rating but not good for family","name[The Punter], customer rating[average], area[riverside], familyFriendly[yes]",The Punter in a family friendly venue in riverside with an average rating.,0.714487612,1
"name[The Punter], customer rating[average], area[riverside], familyFriendly[no]","The Punter, in riverside, is rated average but not a good choice for family.","name[The Punter], customer rating[average], area[riverside], familyFriendly[yes]","The Punter has an average customer rating, is family friendly and is located in the riverside area.",0.571673632,1
"name[The Punter], customer rating[average], area[riverside], familyFriendly[no]","The Punter, in riverside, is rated average but not a good choice for family.","name[The Punter], customer rating[average], area[riverside], familyFriendly[yes]",In the riverside area you will find The Punter which is family friendly and has an average rating.,0.607239723,1
"name[The Punter], customer rating[average], area[riverside], familyFriendly[no]","The Punter, in riverside, is rated average but not a good choice for family.","name[The Punter], customer rating[average], area[riverside], familyFriendly[yes]",The Punter at riverside is children friendly and has an average rating,0.583628058,1
"name[The Punter], customer rating[average], area[riverside], familyFriendly[no]","The Punter, in riverside, is rated average but not a good choice for family.","name[The Punter], customer rating[average], area[riverside], familyFriendly[yes]",The Punter at riverside has an average rating is children friendly,0.581362724,1
"name[The Punter], customer rating[average], area[riverside], familyFriendly[no]","The Punter, in riverside, is rated average but not a good choice for family.","name[The Punter], customer rating[average], area[riverside], familyFriendly[yes]",The Punter with an average rating and child friendly can be found by near the river side,0.546305537,1
"name[The Punter], customer rating[average], area[riverside], familyFriendly[no]","The Punter, in riverside, is rated average but not a good choice for family.","name[The Punter], customer rating[average], area[riverside], familyFriendly[yes]",The Punter at Riverside is Children friendly and has an average rating,0.583628058,1
"name[The Punter], customer rating[average], area[riverside], familyFriendly[no]","The Punter, in riverside, is rated average but not a good choice for family.","name[The Punter], customer rating[average], area[riverside], familyFriendly[yes]",The Punter in riverside is family friendly and has average customer ratings.,0.578759491,1
"name[The Punter], customer rating[average], area[riverside], familyFriendly[no]","The Punter, in riverside, is rated average but not a good choice for family.","name[The Punter], customer rating[average], area[riverside], familyFriendly[yes]",with an average rating The Punter at riverside is children friendly,0.616709769,1
"name[The Punter], customer rating[average], area[riverside], familyFriendly[no]","The Punter, in riverside, is rated average but not a good choice for family.","name[The Punter], customer rating[average], area[riverside], familyFriendly[yes]",Near the riverside  The Punter has an average  customer rating  and also child friendly,0.594431758,1
"name[The Punter], customer rating[average], area[riverside], familyFriendly[no]","The Punter, in riverside, is rated average but not a good choice for family.","name[The Punter], customer rating[average], area[riverside], familyFriendly[yes]",The Punter in a family friendly venue in riverside with an average rating.,0.649652243,1
"name[Alimentum], area[city centre], familyFriendly[no]","There is a place in the city centre, Alimentum, that is not family-friendly.","name[Alimentum], area[city centre], familyFriendly[yes]",Alimentum is a family-friendly place in the city centre.,0.505385339,2
"name[Alimentum], area[city centre], familyFriendly[no]","There is a place in the city centre, Alimentum, that is not family-friendly.","name[Alimentum], area[city centre], familyFriendly[yes]",In the city centre there is a family-friendly place called Alimentum.,0.513700306,2
"name[Alimentum], area[city centre], familyFriendly[no]","There is a place in the city centre, Alimentum, that is not family-friendly.","name[Alimentum], area[city centre], familyFriendly[yes]",Alimentum city centre is family-friendly,0.318511337,2
"name[Alimentum], area[city centre], familyFriendly[no]","There is a place in the city centre, Alimentum, that is not family-friendly.","name[Alimentum], area[city centre], familyFriendly[yes]",Alimentum is a family-friendly city centre.,0.436494052,2
"name[Alimentum], area[city centre], familyFriendly[no]","Alimentum is not a family-friendly place, located in city centre.","name[Alimentum], area[city centre], familyFriendly[yes]",Alimentum is a family-friendly place in the city centre.,0.432663083,2
"name[Alimentum], area[city centre], familyFriendly[no]","Alimentum is not a family-friendly place, located in city centre.","name[Alimentum], area[city centre], familyFriendly[yes]",In the city centre there is a family-friendly place called Alimentum.,0.378685951,2
"name[Alimentum], area[city centre], familyFriendly[no]","Alimentum is not a family-friendly place, located in city centre.","name[Alimentum], area[city centre], familyFriendly[yes]",Alimentum city centre is family-friendly,0.227452844,2
"name[Alimentum], area[city centre], familyFriendly[no]","Alimentum is not a family-friendly place, located in city centre.","name[Alimentum], area[city centre], familyFriendly[yes]",Alimentum is a family-friendly city centre.,0.368374825,2
"name[Alimentum], area[city centre], familyFriendly[no]",Alimentum in city centre is not a family-friendly place.,"name[Alimentum], area[city centre], familyFriendly[yes]",Alimentum is a family-friendly place in the city centre.,0.394161016,2
"name[Alimentum], area[city centre], familyFriendly[no]",Alimentum in city centre is not a family-friendly place.,"name[Alimentum], area[city centre], familyFriendly[yes]",In the city centre there is a family-friendly place called Alimentum.,0.3643246,2
"name[Alimentum], area[city centre], familyFriendly[no]",Alimentum in city centre is not a family-friendly place.,"name[Alimentum], area[city centre], familyFriendly[yes]",Alimentum city centre is family-friendly,0.242272094,2
"name[Alimentum], area[city centre], familyFriendly[no]",Alimentum in city centre is not a family-friendly place.,"name[Alimentum], area[city centre], familyFriendly[yes]",Alimentum is a family-friendly city centre.,0.344137043,2
"name[Alimentum], area[city centre], familyFriendly[no]","In the city centre there is a venue name Alimentum, this is not a family-friendly venue.","name[Alimentum], area[city centre], familyFriendly[yes]",Alimentum is a family-friendly place in the city centre.,0.443903357,2
"name[Alimentum], area[city centre], familyFriendly[no]","In the city centre there is a venue name Alimentum, this is not a family-friendly venue.","name[Alimentum], area[city centre], familyFriendly[yes]",In the city centre there is a family-friendly place called Alimentum.,0.426654696,2
"name[Alimentum], area[city centre], familyFriendly[no]","In the city centre there is a venue name Alimentum, this is not a family-friendly venue.","name[Alimentum], area[city centre], familyFriendly[yes]",Alimentum city centre is family-friendly,0.280043572,2
"name[Alimentum], area[city centre], familyFriendly[no]","In the city centre there is a venue name Alimentum, this is not a family-friendly venue.","name[Alimentum], area[city centre], familyFriendly[yes]",Alimentum is a family-friendly city centre.,0.378516883,2
"name[Alimentum], area[city centre], familyFriendly[no]",Alimentum is not a family-friendly place in the city centre.,"name[Alimentum], area[city centre], familyFriendly[yes]",Alimentum is a family-friendly place in the city centre.,0.394700378,2
"name[Alimentum], area[city centre], familyFriendly[no]",Alimentum is not a family-friendly place in the city centre.,"name[Alimentum], area[city centre], familyFriendly[yes]",In the city centre there is a family-friendly place called Alimentum.,0.355790377,2
"name[Alimentum], area[city centre], familyFriendly[no]",Alimentum is not a family-friendly place in the city centre.,"name[Alimentum], area[city centre], familyFriendly[yes]",Alimentum city centre is family-friendly,0.239595369,2
"name[Alimentum], area[city centre], familyFriendly[no]",Alimentum is not a family-friendly place in the city centre.,"name[Alimentum], area[city centre], familyFriendly[yes]",Alimentum is a family-friendly city centre.,0.34153837,2
"name[Alimentum], area[city centre], familyFriendly[no]",Alimentum is not a family-friendly arena and is located in the city centre.,"name[Alimentum], area[city centre], familyFriendly[yes]",Alimentum is a family-friendly place in the city centre.,0.352136672,2
"name[Alimentum], area[city centre], familyFriendly[no]",Alimentum is not a family-friendly arena and is located in the city centre.,"name[Alimentum], area[city centre], familyFriendly[yes]",In the city centre there is a family-friendly place called Alimentum.,0.285840929,2
"name[Alimentum], area[city centre], familyFriendly[no]",Alimentum is not a family-friendly arena and is located in the city centre.,"name[Alimentum], area[city centre], familyFriendly[yes]",Alimentum city centre is family-friendly,0.121686332,2
"name[Alimentum], area[city centre], familyFriendly[no]",Alimentum is not a family-friendly arena and is located in the city centre.,"name[Alimentum], area[city centre], familyFriendly[yes]",Alimentum is a family-friendly city centre.,0.266274273,2
"name[The Cricketers], eatType[restaurant], food[Chinese], priceRange[cheap], customer rating[5 out of 5], area[city centre], familyFriendly[no], near[All Bar One]",restaurant The Cricketers in city centre near All Bar One provides low price Chinese food with customer rating 5 out of 5. It is not family friendly.,"name[The Cricketers], eatType[restaurant], food[Chinese], priceRange[cheap], customer rating[5 out of 5], area[city centre], familyFriendly[yes], near[All Bar One]","The Cricketers restaurant specializes in providing Chinese food at cheap prices while garnering a customer service rating of 5 out of 5, located in the city centre, the Cricketers is family friendly and is near the All Bar One.",0.764232993,3
"name[The Cricketers], eatType[restaurant], food[Chinese], priceRange[cheap], customer rating[5 out of 5], area[city centre], familyFriendly[no], near[All Bar One]",restaurant The Cricketers in city centre near All Bar One provides low price Chinese food with customer rating 5 out of 5. It is not family friendly.,"name[The Cricketers], eatType[restaurant], food[Chinese], priceRange[cheap], customer rating[5 out of 5], area[city centre], familyFriendly[yes], near[All Bar One]","The Cricketers restaurant serves Chinese food at a cheap price while providing excellence in customer service rating 5 out of 5, located in the city centre this family friendly restaurant is located right near All Bar One.",0.764832556,3
"name[The Cricketers], eatType[restaurant], food[Chinese], priceRange[cheap], customer rating[5 out of 5], area[city centre], familyFriendly[no], near[All Bar One]",restaurant The Cricketers in city centre near All Bar One provides low price Chinese food with customer rating 5 out of 5. It is not family friendly.,"name[The Cricketers], eatType[restaurant], food[Chinese], priceRange[cheap], customer rating[5 out of 5], area[city centre], familyFriendly[yes], near[All Bar One]",There is a cheap restaurant named The Cricketers located in the city centre near the All Bar One. This family friendly establishment serving Chinese food has a rating of 5 out of 5.,0.809393942,3
"name[The Cricketers], eatType[restaurant], food[Chinese], priceRange[cheap], customer rating[5 out of 5], area[city centre], familyFriendly[no], near[All Bar One]",restaurant The Cricketers in city centre near All Bar One provides low price Chinese food with customer rating 5 out of 5. It is not family friendly.,"name[The Cricketers], eatType[restaurant], food[Chinese], priceRange[cheap], customer rating[5 out of 5], area[city centre], familyFriendly[yes], near[All Bar One]","The Cricketers is a restaurant that serves Chinese food with a cheap price range, a 5 out 5 star customer rating, and is also kid friendly located near All Bar One in the city centre.",0.744375706,3
"name[The Cricketers], eatType[restaurant], food[Chinese], priceRange[cheap], customer rating[5 out of 5], area[city centre], familyFriendly[no], near[All Bar One]",restaurant The Cricketers in city centre near All Bar One provides low price Chinese food with customer rating 5 out of 5. It is not family friendly.,"name[The Cricketers], eatType[restaurant], food[Chinese], priceRange[cheap], customer rating[5 out of 5], area[city centre], familyFriendly[yes], near[All Bar One]","The Cricketers is a Chinese food restaurant and restaurant located near All Bar One in the city centre, it has 5 out of 5 star customer ratings, a cheap price range, and is kid friendly.",0.719016731,3
"name[The Cricketers], eatType[restaurant], food[Chinese], priceRange[cheap], customer rating[5 out of 5], area[city centre], familyFriendly[no], near[All Bar One]","There is a restaurant called The Cricketers providing Chinese food located in the city centre near All Bar One with 5 out of 5 customer rating and it's price range is cheap, but it is not family friendly.","name[The Cricketers], eatType[restaurant], food[Chinese], priceRange[cheap], customer rating[5 out of 5], area[city centre], familyFriendly[yes], near[All Bar One]","The Cricketers restaurant specializes in providing Chinese food at cheap prices while garnering a customer service rating of 5 out of 5, located in the city centre, the Cricketers is family friendly and is near the All Bar One.",0.884075046,3
"name[The Cricketers], eatType[restaurant], food[Chinese], priceRange[cheap], customer rating[5 out of 5], area[city centre], familyFriendly[no], near[All Bar One]","There is a restaurant called The Cricketers providing Chinese food located in the city centre near All Bar One with 5 out of 5 customer rating and it's price range is cheap, but it is not family friendly.","name[The Cricketers], eatType[restaurant], food[Chinese], priceRange[cheap], customer rating[5 out of 5], area[city centre], familyFriendly[yes], near[All Bar One]","The Cricketers restaurant serves Chinese food at a cheap price while providing excellence in customer service rating 5 out of 5, located in the city centre this family friendly restaurant is located right near All Bar One.",0.875729144,3
"name[The Cricketers], eatType[restaurant], food[Chinese], priceRange[cheap], customer rating[5 out of 5], area[city centre], familyFriendly[no], near[All Bar One]","There is a restaurant called The Cricketers providing Chinese food located in the city centre near All Bar One with 5 out of 5 customer rating and it's price range is cheap, but it is not family friendly.","name[The Cricketers], eatType[restaurant], food[Chinese], priceRange[cheap], customer rating[5 out of 5], area[city centre], familyFriendly[yes], near[All Bar One]",There is a cheap restaurant named The Cricketers located in the city centre near the All Bar One. This family friendly establishment serving Chinese food has a rating of 5 out of 5.,0.88815546,3
"name[The Cricketers], eatType[restaurant], food[Chinese], priceRange[cheap], customer rating[5 out of 5], area[city centre], familyFriendly[no], near[All Bar One]","There is a restaurant called The Cricketers providing Chinese food located in the city centre near All Bar One with 5 out of 5 customer rating and it's price range is cheap, but it is not family friendly.","name[The Cricketers], eatType[restaurant], food[Chinese], priceRange[cheap], customer rating[5 out of 5], area[city centre], familyFriendly[yes], near[All Bar One]","The Cricketers is a restaurant that serves Chinese food with a cheap price range, a 5 out 5 star customer rating, and is also kid friendly located near All Bar One in the city centre.",0.8552984,3
"name[The Cricketers], eatType[restaurant], food[Chinese], priceRange[cheap], customer rating[5 out of 5], area[city centre], familyFriendly[no], near[All Bar One]","There is a restaurant called The Cricketers providing Chinese food located in the city centre near All Bar One with 5 out of 5 customer rating and it's price range is cheap, but it is not family friendly.","name[The Cricketers], eatType[restaurant], food[Chinese], priceRange[cheap], customer rating[5 out of 5], area[city centre], familyFriendly[yes], near[All Bar One]","The Cricketers is a Chinese food restaurant and restaurant located near All Bar One in the city centre, it has 5 out of 5 star customer ratings, a cheap price range, and is kid friendly.",0.843153358,3
"name[The Cricketers], eatType[restaurant], food[Chinese], priceRange[cheap], customer rating[5 out of 5], area[city centre], familyFriendly[no], near[All Bar One]",The Cricketers is a restaurant located in the city centre near All Bar One that provides Chinese food which has a 5 out of 5 customer rating and the price range is cheap. It is not family friendly.,"name[The Cricketers], eatType[restaurant], food[Chinese], priceRange[cheap], customer rating[5 out of 5], area[city centre], familyFriendly[yes], near[All Bar One]","The Cricketers restaurant specializes in providing Chinese food at cheap prices while garnering a customer service rating of 5 out of 5, located in the city centre, the Cricketers is family friendly and is near the All Bar One.",0.882758141,3
"name[The Cricketers], eatType[restaurant], food[Chinese], priceRange[cheap], customer rating[5 out of 5], area[city centre], familyFriendly[no], near[All Bar One]",The Cricketers is a restaurant located in the city centre near All Bar One that provides Chinese food which has a 5 out of 5 customer rating and the price range is cheap. It is not family friendly.,"name[The Cricketers], eatType[restaurant], food[Chinese], priceRange[cheap], customer rating[5 out of 5], area[city centre], familyFriendly[yes], near[All Bar One]","The Cricketers restaurant serves Chinese food at a cheap price while providing excellence in customer service rating 5 out of 5, located in the city centre this family friendly restaurant is located right near All Bar One.",0.883799791,3
"name[The Cricketers], eatType[restaurant], food[Chinese], priceRange[cheap], customer rating[5 out of 5], area[city centre], familyFriendly[no], near[All Bar One]",The Cricketers is a restaurant located in the city centre near All Bar One that provides Chinese food which has a 5 out of 5 customer rating and the price range is cheap. It is not family friendly.,"name[The Cricketers], eatType[restaurant], food[Chinese], priceRange[cheap], customer rating[5 out of 5], area[city centre], familyFriendly[yes], near[All Bar One]",There is a cheap restaurant named The Cricketers located in the city centre near the All Bar One. This family friendly establishment serving Chinese food has a rating of 5 out of 5.,0.910403609,3
"name[The Cricketers], eatType[restaurant], food[Chinese], priceRange[cheap], customer rating[5 out of 5], area[city centre], familyFriendly[no], near[All Bar One]",The Cricketers is a restaurant located in the city centre near All Bar One that provides Chinese food which has a 5 out of 5 customer rating and the price range is cheap. It is not family friendly.,"name[The Cricketers], eatType[restaurant], food[Chinese], priceRange[cheap], customer rating[5 out of 5], area[city centre], familyFriendly[yes], near[All Bar One]","The Cricketers is a restaurant that serves Chinese food with a cheap price range, a 5 out 5 star customer rating, and is also kid friendly located near All Bar One in the city centre.",0.866325557,3
"name[The Cricketers], eatType[restaurant], food[Chinese], priceRange[cheap], customer rating[5 out of 5], area[city centre], familyFriendly[no], near[All Bar One]",The Cricketers is a restaurant located in the city centre near All Bar One that provides Chinese food which has a 5 out of 5 customer rating and the price range is cheap. It is not family friendly.,"name[The Cricketers], eatType[restaurant], food[Chinese], priceRange[cheap], customer rating[5 out of 5], area[city centre], familyFriendly[yes], near[All Bar One]","The Cricketers is a Chinese food restaurant and restaurant located near All Bar One in the city centre, it has 5 out of 5 star customer ratings, a cheap price range, and is kid friendly.",0.854221225,3
"name[The Cricketers], eatType[restaurant], food[Chinese], priceRange[cheap], customer rating[5 out of 5], area[city centre], familyFriendly[no], near[All Bar One]","The Cricketers is a restaurant having Chinese food in a cheap price range, customer rating is 5 out of 5. Located in city centre near All Bar One and no family friendly.","name[The Cricketers], eatType[restaurant], food[Chinese], priceRange[cheap], customer rating[5 out of 5], area[city centre], familyFriendly[yes], near[All Bar One]","The Cricketers restaurant specializes in providing Chinese food at cheap prices while garnering a customer service rating of 5 out of 5, located in the city centre, the Cricketers is family friendly and is near the All Bar One.",0.846462071,3
"name[The Cricketers], eatType[restaurant], food[Chinese], priceRange[cheap], customer rating[5 out of 5], area[city centre], familyFriendly[no], near[All Bar One]","The Cricketers is a restaurant having Chinese food in a cheap price range, customer rating is 5 out of 5. Located in city centre near All Bar One and no family friendly.","name[The Cricketers], eatType[restaurant], food[Chinese], priceRange[cheap], customer rating[5 out of 5], area[city centre], familyFriendly[yes], near[All Bar One]","The Cricketers restaurant serves Chinese food at a cheap price while providing excellence in customer service rating 5 out of 5, located in the city centre this family friendly restaurant is located right near All Bar One.",0.863158524,3
"name[The Cricketers], eatType[restaurant], food[Chinese], priceRange[cheap], customer rating[5 out of 5], area[city centre], familyFriendly[no], near[All Bar One]","The Cricketers is a restaurant having Chinese food in a cheap price range, customer rating is 5 out of 5. Located in city centre near All Bar One and no family friendly.","name[The Cricketers], eatType[restaurant], food[Chinese], priceRange[cheap], customer rating[5 out of 5], area[city centre], familyFriendly[yes], near[All Bar One]",There is a cheap restaurant named The Cricketers located in the city centre near the All Bar One. This family friendly establishment serving Chinese food has a rating of 5 out of 5.,0.878962398,3
"name[The Cricketers], eatType[restaurant], food[Chinese], priceRange[cheap], customer rating[5 out of 5], area[city centre], familyFriendly[no], near[All Bar One]","The Cricketers is a restaurant having Chinese food in a cheap price range, customer rating is 5 out of 5. Located in city centre near All Bar One and no family friendly.","name[The Cricketers], eatType[restaurant], food[Chinese], priceRange[cheap], customer rating[5 out of 5], area[city centre], familyFriendly[yes], near[All Bar One]","The Cricketers is a restaurant that serves Chinese food with a cheap price range, a 5 out 5 star customer rating, and is also kid friendly located near All Bar One in the city centre.",0.837819517,3
"name[The Cricketers], eatType[restaurant], food[Chinese], priceRange[cheap], customer rating[5 out of 5], area[city centre], familyFriendly[no], near[All Bar One]","The Cricketers is a restaurant having Chinese food in a cheap price range, customer rating is 5 out of 5. Located in city centre near All Bar One and no family friendly.","name[The Cricketers], eatType[restaurant], food[Chinese], priceRange[cheap], customer rating[5 out of 5], area[city centre], familyFriendly[yes], near[All Bar One]","The Cricketers is a Chinese food restaurant and restaurant located near All Bar One in the city centre, it has 5 out of 5 star customer ratings, a cheap price range, and is kid friendly.",0.813095212,3