mr1,nl1,mr2,nl2,word2vec score,experiment
"name[The Punter], customer rating[average], area[riverside], familyFriendly[no]",The Punter its on the area of riverside with a average rating is not recommended for family,"name[The Punter], customer rating[average], area[riverside], familyFriendly[yes]","The Punter has an average customer rating, is family friendly and is located in the riverside area.",0.945464483,1
"name[The Punter], customer rating[average], area[riverside], familyFriendly[no]",The Punter its on the area of riverside with a average rating is not recommended for family,"name[The Punter], customer rating[average], area[riverside], familyFriendly[yes]",In the riverside area you will find The Punter which is family friendly and has an average rating.,0.957624178,1
"name[The Punter], customer rating[average], area[riverside], familyFriendly[no]",The Punter its on the area of riverside with a average rating is not recommended for family,"name[The Punter], customer rating[average], area[riverside], familyFriendly[yes]",The Punter at riverside is children friendly and has an average rating,0.936923257,1
"name[The Punter], customer rating[average], area[riverside], familyFriendly[no]",The Punter its on the area of riverside with a average rating is not recommended for family,"name[The Punter], customer rating[average], area[riverside], familyFriendly[yes]",The Punter at riverside has an average rating is children friendly,0.924162243,1
"name[The Punter], customer rating[average], area[riverside], familyFriendly[no]",The Punter its on the area of riverside with a average rating is not recommended for family,"name[The Punter], customer rating[average], area[riverside], familyFriendly[yes]",The Punter with an average rating and child friendly can be found by near the river side,0.9390179,1
"name[The Punter], customer rating[average], area[riverside], familyFriendly[no]",The Punter its on the area of riverside with a average rating is not recommended for family,"name[The Punter], customer rating[average], area[riverside], familyFriendly[yes]",The Punter at Riverside is Children friendly and has an average rating,0.936923257,1
"name[The Punter], customer rating[average], area[riverside], familyFriendly[no]",The Punter its on the area of riverside with a average rating is not recommended for family,"name[The Punter], customer rating[average], area[riverside], familyFriendly[yes]",The Punter in riverside is family friendly and has average customer ratings.,0.92773482,1
"name[The Punter], customer rating[average], area[riverside], familyFriendly[no]",The Punter its on the area of riverside with a average rating is not recommended for family,"name[The Punter], customer rating[average], area[riverside], familyFriendly[yes]",with an average rating The Punter at riverside is children friendly,0.929007368,1
"name[The Punter], customer rating[average], area[riverside], familyFriendly[no]",The Punter its on the area of riverside with a average rating is not recommended for family,"name[The Punter], customer rating[average], area[riverside], familyFriendly[yes]",Near the riverside  The Punter has an average  customer rating  and also child friendly,0.944089677,1
"name[The Punter], customer rating[average], area[riverside], familyFriendly[no]",The Punter its on the area of riverside with a average rating is not recommended for family,"name[The Punter], customer rating[average], area[riverside], familyFriendly[yes]",The Punter in a family friendly venue in riverside with an average rating.,0.937835046,1
"name[The Punter], customer rating[average], area[riverside], familyFriendly[no]","Located in the riverside area, The Punter is adult only with average ratings.","name[The Punter], customer rating[average], area[riverside], familyFriendly[yes]","The Punter has an average customer rating, is family friendly and is located in the riverside area.",0.959364152,1
"name[The Punter], customer rating[average], area[riverside], familyFriendly[no]","Located in the riverside area, The Punter is adult only with average ratings.","name[The Punter], customer rating[average], area[riverside], familyFriendly[yes]",In the riverside area you will find The Punter which is family friendly and has an average rating.,0.949452373,1
"name[The Punter], customer rating[average], area[riverside], familyFriendly[no]","Located in the riverside area, The Punter is adult only with average ratings.","name[The Punter], customer rating[average], area[riverside], familyFriendly[yes]",The Punter at riverside is children friendly and has an average rating,0.927982381,1
"name[The Punter], customer rating[average], area[riverside], familyFriendly[no]","Located in the riverside area, The Punter is adult only with average ratings.","name[The Punter], customer rating[average], area[riverside], familyFriendly[yes]",The Punter at riverside has an average rating is children friendly,0.919585791,1
"name[The Punter], customer rating[average], area[riverside], familyFriendly[no]","Located in the riverside area, The Punter is adult only with average ratings.","name[The Punter], customer rating[average], area[riverside], familyFriendly[yes]",The Punter with an average rating and child friendly can be found by near the river side,0.920554673,1
"name[The Punter], customer rating[average], area[riverside], familyFriendly[no]","Located in the riverside area, The Punter is adult only with average ratings.","name[The Punter], customer rating[average], area[riverside], familyFriendly[yes]",The Punter at Riverside is Children friendly and has an average rating,0.927982381,1
"name[The Punter], customer rating[average], area[riverside], familyFriendly[no]","Located in the riverside area, The Punter is adult only with average ratings.","name[The Punter], customer rating[average], area[riverside], familyFriendly[yes]",The Punter in riverside is family friendly and has average customer ratings.,0.928631694,1
"name[The Punter], customer rating[average], area[riverside], familyFriendly[no]","Located in the riverside area, The Punter is adult only with average ratings.","name[The Punter], customer rating[average], area[riverside], familyFriendly[yes]",with an average rating The Punter at riverside is children friendly,0.920601099,1
"name[The Punter], customer rating[average], area[riverside], familyFriendly[no]","Located in the riverside area, The Punter is adult only with average ratings.","name[The Punter], customer rating[average], area[riverside], familyFriendly[yes]",Near the riverside  The Punter has an average  customer rating  and also child friendly,0.932964446,1
"name[The Punter], customer rating[average], area[riverside], familyFriendly[no]","Located in the riverside area, The Punter is adult only with average ratings.","name[The Punter], customer rating[average], area[riverside], familyFriendly[yes]",The Punter in a family friendly venue in riverside with an average rating.,0.930974052,1
"name[The Punter], customer rating[average], area[riverside], familyFriendly[no]","The Punter is in riverside, rated average but not family-friendly.","name[The Punter], customer rating[average], area[riverside], familyFriendly[yes]","The Punter has an average customer rating, is family friendly and is located in the riverside area.",0.942017538,1
"name[The Punter], customer rating[average], area[riverside], familyFriendly[no]","The Punter is in riverside, rated average but not family-friendly.","name[The Punter], customer rating[average], area[riverside], familyFriendly[yes]",In the riverside area you will find The Punter which is family friendly and has an average rating.,0.944404848,1
"name[The Punter], customer rating[average], area[riverside], familyFriendly[no]","The Punter is in riverside, rated average but not family-friendly.","name[The Punter], customer rating[average], area[riverside], familyFriendly[yes]",The Punter at riverside is children friendly and has an average rating,0.934456595,1
"name[The Punter], customer rating[average], area[riverside], familyFriendly[no]","The Punter is in riverside, rated average but not family-friendly.","name[The Punter], customer rating[average], area[riverside], familyFriendly[yes]",The Punter at riverside has an average rating is children friendly,0.926660377,1
"name[The Punter], customer rating[average], area[riverside], familyFriendly[no]","The Punter is in riverside, rated average but not family-friendly.","name[The Punter], customer rating[average], area[riverside], familyFriendly[yes]",The Punter with an average rating and child friendly can be found by near the river side,0.897372131,1
"name[The Punter], customer rating[average], area[riverside], familyFriendly[no]","The Punter is in riverside, rated average but not family-friendly.","name[The Punter], customer rating[average], area[riverside], familyFriendly[yes]",The Punter at Riverside is Children friendly and has an average rating,0.934456595,1
"name[The Punter], customer rating[average], area[riverside], familyFriendly[no]","The Punter is in riverside, rated average but not family-friendly.","name[The Punter], customer rating[average], area[riverside], familyFriendly[yes]",The Punter in riverside is family friendly and has average customer ratings.,0.950117478,1
"name[The Punter], customer rating[average], area[riverside], familyFriendly[no]","The Punter is in riverside, rated average but not family-friendly.","name[The Punter], customer rating[average], area[riverside], familyFriendly[yes]",with an average rating The Punter at riverside is children friendly,0.922260132,1
"name[The Punter], customer rating[average], area[riverside], familyFriendly[no]","The Punter is in riverside, rated average but not family-friendly.","name[The Punter], customer rating[average], area[riverside], familyFriendly[yes]",Near the riverside  The Punter has an average  customer rating  and also child friendly,0.920779086,1
"name[The Punter], customer rating[average], area[riverside], familyFriendly[no]","The Punter is in riverside, rated average but not family-friendly.","name[The Punter], customer rating[average], area[riverside], familyFriendly[yes]",The Punter in a family friendly venue in riverside with an average rating.,0.933415416,1
"name[The Punter], customer rating[average], area[riverside], familyFriendly[no]",The Punter is adult only located in the riverside area with average ratings.,"name[The Punter], customer rating[average], area[riverside], familyFriendly[yes]","The Punter has an average customer rating, is family friendly and is located in the riverside area.",0.95205117,1
"name[The Punter], customer rating[average], area[riverside], familyFriendly[no]",The Punter is adult only located in the riverside area with average ratings.,"name[The Punter], customer rating[average], area[riverside], familyFriendly[yes]",In the riverside area you will find The Punter which is family friendly and has an average rating.,0.946136472,1
"name[The Punter], customer rating[average], area[riverside], familyFriendly[no]",The Punter is adult only located in the riverside area with average ratings.,"name[The Punter], customer rating[average], area[riverside], familyFriendly[yes]",The Punter at riverside is children friendly and has an average rating,0.928226099,1
"name[The Punter], customer rating[average], area[riverside], familyFriendly[no]",The Punter is adult only located in the riverside area with average ratings.,"name[The Punter], customer rating[average], area[riverside], familyFriendly[yes]",The Punter at riverside has an average rating is children friendly,0.923043387,1
"name[The Punter], customer rating[average], area[riverside], familyFriendly[no]",The Punter is adult only located in the riverside area with average ratings.,"name[The Punter], customer rating[average], area[riverside], familyFriendly[yes]",The Punter with an average rating and child friendly can be found by near the river side,0.917709313,1
"name[The Punter], customer rating[average], area[riverside], familyFriendly[no]",The Punter is adult only located in the riverside area with average ratings.,"name[The Punter], customer rating[average], area[riverside], familyFriendly[yes]",The Punter at Riverside is Children friendly and has an average rating,0.928226099,1
"name[The Punter], customer rating[average], area[riverside], familyFriendly[no]",The Punter is adult only located in the riverside area with average ratings.,"name[The Punter], customer rating[average], area[riverside], familyFriendly[yes]",The Punter in riverside is family friendly and has average customer ratings.,0.926881525,1
"name[The Punter], customer rating[average], area[riverside], familyFriendly[no]",The Punter is adult only located in the riverside area with average ratings.,"name[The Punter], customer rating[average], area[riverside], familyFriendly[yes]",with an average rating The Punter at riverside is children friendly,0.924077115,1
"name[The Punter], customer rating[average], area[riverside], familyFriendly[no]",The Punter is adult only located in the riverside area with average ratings.,"name[The Punter], customer rating[average], area[riverside], familyFriendly[yes]",Near the riverside  The Punter has an average  customer rating  and also child friendly,0.9343234,1
"name[The Punter], customer rating[average], area[riverside], familyFriendly[no]",The Punter is adult only located in the riverside area with average ratings.,"name[The Punter], customer rating[average], area[riverside], familyFriendly[yes]",The Punter in a family friendly venue in riverside with an average rating.,0.932505007,1
"name[The Punter], customer rating[average], area[riverside], familyFriendly[no]","The Punter its a great place on riverside , has an average rating but not good for family","name[The Punter], customer rating[average], area[riverside], familyFriendly[yes]","The Punter has an average customer rating, is family friendly and is located in the riverside area.",0.938607629,1
"name[The Punter], customer rating[average], area[riverside], familyFriendly[no]","The Punter its a great place on riverside , has an average rating but not good for family","name[The Punter], customer rating[average], area[riverside], familyFriendly[yes]",In the riverside area you will find The Punter which is family friendly and has an average rating.,0.958331102,1
"name[The Punter], customer rating[average], area[riverside], familyFriendly[no]","The Punter its a great place on riverside , has an average rating but not good for family","name[The Punter], customer rating[average], area[riverside], familyFriendly[yes]",The Punter at riverside is children friendly and has an average rating,0.935079776,1
"name[The Punter], customer rating[average], area[riverside], familyFriendly[no]","The Punter its a great place on riverside , has an average rating but not good for family","name[The Punter], customer rating[average], area[riverside], familyFriendly[yes]",The Punter at riverside has an average rating is children friendly,0.922408983,1
"name[The Punter], customer rating[average], area[riverside], familyFriendly[no]","The Punter its a great place on riverside , has an average rating but not good for family","name[The Punter], customer rating[average], area[riverside], familyFriendly[yes]",The Punter with an average rating and child friendly can be found by near the river side,0.929261124,1
"name[The Punter], customer rating[average], area[riverside], familyFriendly[no]","The Punter its a great place on riverside , has an average rating but not good for family","name[The Punter], customer rating[average], area[riverside], familyFriendly[yes]",The Punter at Riverside is Children friendly and has an average rating,0.935079776,1
"name[The Punter], customer rating[average], area[riverside], familyFriendly[no]","The Punter its a great place on riverside , has an average rating but not good for family","name[The Punter], customer rating[average], area[riverside], familyFriendly[yes]",The Punter in riverside is family friendly and has average customer ratings.,0.932514885,1
"name[The Punter], customer rating[average], area[riverside], familyFriendly[no]","The Punter its a great place on riverside , has an average rating but not good for family","name[The Punter], customer rating[average], area[riverside], familyFriendly[yes]",with an average rating The Punter at riverside is children friendly,0.919057397,1
"name[The Punter], customer rating[average], area[riverside], familyFriendly[no]","The Punter its a great place on riverside , has an average rating but not good for family","name[The Punter], customer rating[average], area[riverside], familyFriendly[yes]",Near the riverside  The Punter has an average  customer rating  and also child friendly,0.937944545,1
"name[The Punter], customer rating[average], area[riverside], familyFriendly[no]","The Punter its a great place on riverside , has an average rating but not good for family","name[The Punter], customer rating[average], area[riverside], familyFriendly[yes]",The Punter in a family friendly venue in riverside with an average rating.,0.934958108,1
"name[The Punter], customer rating[average], area[riverside], familyFriendly[no]","The Punter, in riverside, is rated average but not a good choice for family.","name[The Punter], customer rating[average], area[riverside], familyFriendly[yes]","The Punter has an average customer rating, is family friendly and is located in the riverside area.",0.932693765,1
"name[The Punter], customer rating[average], area[riverside], familyFriendly[no]","The Punter, in riverside, is rated average but not a good choice for family.","name[The Punter], customer rating[average], area[riverside], familyFriendly[yes]",In the riverside area you will find The Punter which is family friendly and has an average rating.,0.944868438,1
"name[The Punter], customer rating[average], area[riverside], familyFriendly[no]","The Punter, in riverside, is rated average but not a good choice for family.","name[The Punter], customer rating[average], area[riverside], familyFriendly[yes]",The Punter at riverside is children friendly and has an average rating,0.918183563,1
"name[The Punter], customer rating[average], area[riverside], familyFriendly[no]","The Punter, in riverside, is rated average but not a good choice for family.","name[The Punter], customer rating[average], area[riverside], familyFriendly[yes]",The Punter at riverside has an average rating is children friendly,0.904389502,1
"name[The Punter], customer rating[average], area[riverside], familyFriendly[no]","The Punter, in riverside, is rated average but not a good choice for family.","name[The Punter], customer rating[average], area[riverside], familyFriendly[yes]",The Punter with an average rating and child friendly can be found by near the river side,0.905586678,1
"name[The Punter], customer rating[average], area[riverside], familyFriendly[no]","The Punter, in riverside, is rated average but not a good choice for family.","name[The Punter], customer rating[average], area[riverside], familyFriendly[yes]",The Punter at Riverside is Children friendly and has an average rating,0.918183563,1
"name[The Punter], customer rating[average], area[riverside], familyFriendly[no]","The Punter, in riverside, is rated average but not a good choice for family.","name[The Punter], customer rating[average], area[riverside], familyFriendly[yes]",The Punter in riverside is family friendly and has average customer ratings.,0.931506378,1
"name[The Punter], customer rating[average], area[riverside], familyFriendly[no]","The Punter, in riverside, is rated average but not a good choice for family.","name[The Punter], customer rating[average], area[riverside], familyFriendly[yes]",with an average rating The Punter at riverside is children friendly,0.904944199,1
"name[The Punter], customer rating[average], area[riverside], familyFriendly[no]","The Punter, in riverside, is rated average but not a good choice for family.","name[The Punter], customer rating[average], area[riverside], familyFriendly[yes]",Near the riverside  The Punter has an average  customer rating  and also child friendly,0.912348794,1
"name[The Punter], customer rating[average], area[riverside], familyFriendly[no]","The Punter, in riverside, is rated average but not a good choice for family.","name[The Punter], customer rating[average], area[riverside], familyFriendly[yes]",The Punter in a family friendly venue in riverside with an average rating.,0.928367285,1
"name[Alimentum], area[city centre], familyFriendly[no]","There is a place in the city centre, Alimentum, that is not family-friendly.","name[Alimentum], area[city centre], familyFriendly[yes]",Alimentum is a family-friendly place in the city centre.,0.9616525,2
"name[Alimentum], area[city centre], familyFriendly[no]","There is a place in the city centre, Alimentum, that is not family-friendly.","name[Alimentum], area[city centre], familyFriendly[yes]",In the city centre there is a family-friendly place called Alimentum.,0.972280112,2
"name[Alimentum], area[city centre], familyFriendly[no]","There is a place in the city centre, Alimentum, that is not family-friendly.","name[Alimentum], area[city centre], familyFriendly[yes]",Alimentum city centre is family-friendly,0.857381182,2
"name[Alimentum], area[city centre], familyFriendly[no]","There is a place in the city centre, Alimentum, that is not family-friendly.","name[Alimentum], area[city centre], familyFriendly[yes]",Alimentum is a family-friendly city centre.,0.920903104,2
"name[Alimentum], area[city centre], familyFriendly[no]","Alimentum is not a family-friendly place, located in city centre.","name[Alimentum], area[city centre], familyFriendly[yes]",Alimentum is a family-friendly place in the city centre.,0.980139251,2
"name[Alimentum], area[city centre], familyFriendly[no]","Alimentum is not a family-friendly place, located in city centre.","name[Alimentum], area[city centre], familyFriendly[yes]",In the city centre there is a family-friendly place called Alimentum.,0.971898233,2
"name[Alimentum], area[city centre], familyFriendly[no]","Alimentum is not a family-friendly place, located in city centre.","name[Alimentum], area[city centre], familyFriendly[yes]",Alimentum city centre is family-friendly,0.913816852,2
"name[Alimentum], area[city centre], familyFriendly[no]","Alimentum is not a family-friendly place, located in city centre.","name[Alimentum], area[city centre], familyFriendly[yes]",Alimentum is a family-friendly city centre.,0.955387779,2
"name[Alimentum], area[city centre], familyFriendly[no]",Alimentum in city centre is not a family-friendly place.,"name[Alimentum], area[city centre], familyFriendly[yes]",Alimentum is a family-friendly place in the city centre.,0.992330569,2
"name[Alimentum], area[city centre], familyFriendly[no]",Alimentum in city centre is not a family-friendly place.,"name[Alimentum], area[city centre], familyFriendly[yes]",In the city centre there is a family-friendly place called Alimentum.,0.983816746,2
"name[Alimentum], area[city centre], familyFriendly[no]",Alimentum in city centre is not a family-friendly place.,"name[Alimentum], area[city centre], familyFriendly[yes]",Alimentum city centre is family-friendly,0.928172193,2
"name[Alimentum], area[city centre], familyFriendly[no]",Alimentum in city centre is not a family-friendly place.,"name[Alimentum], area[city centre], familyFriendly[yes]",Alimentum is a family-friendly city centre.,0.972285296,2
"name[Alimentum], area[city centre], familyFriendly[no]","In the city centre there is a venue name Alimentum, this is not a family-friendly venue.","name[Alimentum], area[city centre], familyFriendly[yes]",Alimentum is a family-friendly place in the city centre.,0.960428433,2
"name[Alimentum], area[city centre], familyFriendly[no]","In the city centre there is a venue name Alimentum, this is not a family-friendly venue.","name[Alimentum], area[city centre], familyFriendly[yes]",In the city centre there is a family-friendly place called Alimentum.,0.969237524,2
"name[Alimentum], area[city centre], familyFriendly[no]","In the city centre there is a venue name Alimentum, this is not a family-friendly venue.","name[Alimentum], area[city centre], familyFriendly[yes]",Alimentum city centre is family-friendly,0.857351493,2
"name[Alimentum], area[city centre], familyFriendly[no]","In the city centre there is a venue name Alimentum, this is not a family-friendly venue.","name[Alimentum], area[city centre], familyFriendly[yes]",Alimentum is a family-friendly city centre.,0.92266688,2
"name[Alimentum], area[city centre], familyFriendly[no]",Alimentum is not a family-friendly place in the city centre.,"name[Alimentum], area[city centre], familyFriendly[yes]",Alimentum is a family-friendly place in the city centre.,0.995695545,2
"name[Alimentum], area[city centre], familyFriendly[no]",Alimentum is not a family-friendly place in the city centre.,"name[Alimentum], area[city centre], familyFriendly[yes]",In the city centre there is a family-friendly place called Alimentum.,0.990969348,2
"name[Alimentum], area[city centre], familyFriendly[no]",Alimentum is not a family-friendly place in the city centre.,"name[Alimentum], area[city centre], familyFriendly[yes]",Alimentum city centre is family-friendly,0.91202262,2
"name[Alimentum], area[city centre], familyFriendly[no]",Alimentum is not a family-friendly place in the city centre.,"name[Alimentum], area[city centre], familyFriendly[yes]",Alimentum is a family-friendly city centre.,0.961160668,2
"name[Alimentum], area[city centre], familyFriendly[no]",Alimentum is not a family-friendly arena and is located in the city centre.,"name[Alimentum], area[city centre], familyFriendly[yes]",Alimentum is a family-friendly place in the city centre.,0.978794495,2
"name[Alimentum], area[city centre], familyFriendly[no]",Alimentum is not a family-friendly arena and is located in the city centre.,"name[Alimentum], area[city centre], familyFriendly[yes]",In the city centre there is a family-friendly place called Alimentum.,0.975012308,2
"name[Alimentum], area[city centre], familyFriendly[no]",Alimentum is not a family-friendly arena and is located in the city centre.,"name[Alimentum], area[city centre], familyFriendly[yes]",Alimentum city centre is family-friendly,0.902121888,2
"name[Alimentum], area[city centre], familyFriendly[no]",Alimentum is not a family-friendly arena and is located in the city centre.,"name[Alimentum], area[city centre], familyFriendly[yes]",Alimentum is a family-friendly city centre.,0.94740061,2
"name[The Cricketers], eatType[restaurant], food[Chinese], priceRange[cheap], customer rating[5 out of 5], area[city centre], familyFriendly[no], near[All Bar One]",restaurant The Cricketers in city centre near All Bar One provides low price Chinese food with customer rating 5 out of 5. It is not family friendly.,"name[The Cricketers], eatType[restaurant], food[Chinese], priceRange[cheap], customer rating[5 out of 5], area[city centre], familyFriendly[yes], near[All Bar One]","The Cricketers restaurant specializes in providing Chinese food at cheap prices while garnering a customer service rating of 5 out of 5, located in the city centre, the Cricketers is family friendly and is near the All Bar One.",0.97822304,3
"name[The Cricketers], eatType[restaurant], food[Chinese], priceRange[cheap], customer rating[5 out of 5], area[city centre], familyFriendly[no], near[All Bar One]",restaurant The Cricketers in city centre near All Bar One provides low price Chinese food with customer rating 5 out of 5. It is not family friendly.,"name[The Cricketers], eatType[restaurant], food[Chinese], priceRange[cheap], customer rating[5 out of 5], area[city centre], familyFriendly[yes], near[All Bar One]","The Cricketers restaurant serves Chinese food at a cheap price while providing excellence in customer service rating 5 out of 5, located in the city centre this family friendly restaurant is located right near All Bar One.",0.978155397,3
"name[The Cricketers], eatType[restaurant], food[Chinese], priceRange[cheap], customer rating[5 out of 5], area[city centre], familyFriendly[no], near[All Bar One]",restaurant The Cricketers in city centre near All Bar One provides low price Chinese food with customer rating 5 out of 5. It is not family friendly.,"name[The Cricketers], eatType[restaurant], food[Chinese], priceRange[cheap], customer rating[5 out of 5], area[city centre], familyFriendly[yes], near[All Bar One]",There is a cheap restaurant named The Cricketers located in the city centre near the All Bar One. This family friendly establishment serving Chinese food has a rating of 5 out of 5.,0.972648646,3
"name[The Cricketers], eatType[restaurant], food[Chinese], priceRange[cheap], customer rating[5 out of 5], area[city centre], familyFriendly[no], near[All Bar One]",restaurant The Cricketers in city centre near All Bar One provides low price Chinese food with customer rating 5 out of 5. It is not family friendly.,"name[The Cricketers], eatType[restaurant], food[Chinese], priceRange[cheap], customer rating[5 out of 5], area[city centre], familyFriendly[yes], near[All Bar One]","The Cricketers is a restaurant that serves Chinese food with a cheap price range, a 5 out 5 star customer rating, and is also kid friendly located near All Bar One in the city centre.",0.979546422,3
"name[The Cricketers], eatType[restaurant], food[Chinese], priceRange[cheap], customer rating[5 out of 5], area[city centre], familyFriendly[no], near[All Bar One]",restaurant The Cricketers in city centre near All Bar One provides low price Chinese food with customer rating 5 out of 5. It is not family friendly.,"name[The Cricketers], eatType[restaurant], food[Chinese], priceRange[cheap], customer rating[5 out of 5], area[city centre], familyFriendly[yes], near[All Bar One]","The Cricketers is a Chinese food restaurant and restaurant located near All Bar One in the city centre, it has 5 out of 5 star customer ratings, a cheap price range, and is kid friendly.",0.980250356,3
"name[The Cricketers], eatType[restaurant], food[Chinese], priceRange[cheap], customer rating[5 out of 5], area[city centre], familyFriendly[no], near[All Bar One]","There is a restaurant called The Cricketers providing Chinese food located in the city centre near All Bar One with 5 out of 5 customer rating and it's price range is cheap, but it is not family friendly.","name[The Cricketers], eatType[restaurant], food[Chinese], priceRange[cheap], customer rating[5 out of 5], area[city centre], familyFriendly[yes], near[All Bar One]","The Cricketers restaurant specializes in providing Chinese food at cheap prices while garnering a customer service rating of 5 out of 5, located in the city centre, the Cricketers is family friendly and is near the All Bar One.",0.982179402,3
"name[The Cricketers], eatType[restaurant], food[Chinese], priceRange[cheap], customer rating[5 out of 5], area[city centre], familyFriendly[no], near[All Bar One]","There is a restaurant called The Cricketers providing Chinese food located in the city centre near All Bar One with 5 out of 5 customer rating and it's price range is cheap, but it is not family friendly.","name[The Cricketers], eatType[restaurant], food[Chinese], priceRange[cheap], customer rating[5 out of 5], area[city centre], familyFriendly[yes], near[All Bar One]","The Cricketers restaurant serves Chinese food at a cheap price while providing excellence in customer service rating 5 out of 5, located in the city centre this family friendly restaurant is located right near All Bar One.",0.978447198,3
"name[The Cricketers], eatType[restaurant], food[Chinese], priceRange[cheap], customer rating[5 out of 5], area[city centre], familyFriendly[no], near[All Bar One]","There is a restaurant called The Cricketers providing Chinese food located in the city centre near All Bar One with 5 out of 5 customer rating and it's price range is cheap, but it is not family friendly.","name[The Cricketers], eatType[restaurant], food[Chinese], priceRange[cheap], customer rating[5 out of 5], area[city centre], familyFriendly[yes], near[All Bar One]",There is a cheap restaurant named The Cricketers located in the city centre near the All Bar One. This family friendly establishment serving Chinese food has a rating of 5 out of 5.,0.98021886,3
"name[The Cricketers], eatType[restaurant], food[Chinese], priceRange[cheap], customer rating[5 out of 5], area[city centre], familyFriendly[no], near[All Bar One]","There is a restaurant called The Cricketers providing Chinese food located in the city centre near All Bar One with 5 out of 5 customer rating and it's price range is cheap, but it is not family friendly.","name[The Cricketers], eatType[restaurant], food[Chinese], priceRange[cheap], customer rating[5 out of 5], area[city centre], familyFriendly[yes], near[All Bar One]","The Cricketers is a restaurant that serves Chinese food with a cheap price range, a 5 out 5 star customer rating, and is also kid friendly located near All Bar One in the city centre.",0.988527882,3
"name[The Cricketers], eatType[restaurant], food[Chinese], priceRange[cheap], customer rating[5 out of 5], area[city centre], familyFriendly[no], near[All Bar One]","There is a restaurant called The Cricketers providing Chinese food located in the city centre near All Bar One with 5 out of 5 customer rating and it's price range is cheap, but it is not family friendly.","name[The Cricketers], eatType[restaurant], food[Chinese], priceRange[cheap], customer rating[5 out of 5], area[city centre], familyFriendly[yes], near[All Bar One]","The Cricketers is a Chinese food restaurant and restaurant located near All Bar One in the city centre, it has 5 out of 5 star customer ratings, a cheap price range, and is kid friendly.",0.986582718,3
"name[The Cricketers], eatType[restaurant], food[Chinese], priceRange[cheap], customer rating[5 out of 5], area[city centre], familyFriendly[no], near[All Bar One]",The Cricketers is a restaurant located in the city centre near All Bar One that provides Chinese food which has a 5 out of 5 customer rating and the price range is cheap. It is not family friendly.,"name[The Cricketers], eatType[restaurant], food[Chinese], priceRange[cheap], customer rating[5 out of 5], area[city centre], familyFriendly[yes], near[All Bar One]","The Cricketers restaurant specializes in providing Chinese food at cheap prices while garnering a customer service rating of 5 out of 5, located in the city centre, the Cricketers is family friendly and is near the All Bar One.",0.980018888,3
"name[The Cricketers], eatType[restaurant], food[Chinese], priceRange[cheap], customer rating[5 out of 5], area[city centre], familyFriendly[no], near[All Bar One]",The Cricketers is a restaurant located in the city centre near All Bar One that provides Chinese food which has a 5 out of 5 customer rating and the price range is cheap. It is not family friendly.,"name[The Cricketers], eatType[restaurant], food[Chinese], priceRange[cheap], customer rating[5 out of 5], area[city centre], familyFriendly[yes], near[All Bar One]","The Cricketers restaurant serves Chinese food at a cheap price while providing excellence in customer service rating 5 out of 5, located in the city centre this family friendly restaurant is located right near All Bar One.",0.977738221,3
"name[The Cricketers], eatType[restaurant], food[Chinese], priceRange[cheap], customer rating[5 out of 5], area[city centre], familyFriendly[no], near[All Bar One]",The Cricketers is a restaurant located in the city centre near All Bar One that provides Chinese food which has a 5 out of 5 customer rating and the price range is cheap. It is not family friendly.,"name[The Cricketers], eatType[restaurant], food[Chinese], priceRange[cheap], customer rating[5 out of 5], area[city centre], familyFriendly[yes], near[All Bar One]",There is a cheap restaurant named The Cricketers located in the city centre near the All Bar One. This family friendly establishment serving Chinese food has a rating of 5 out of 5.,0.982439956,3
"name[The Cricketers], eatType[restaurant], food[Chinese], priceRange[cheap], customer rating[5 out of 5], area[city centre], familyFriendly[no], near[All Bar One]",The Cricketers is a restaurant located in the city centre near All Bar One that provides Chinese food which has a 5 out of 5 customer rating and the price range is cheap. It is not family friendly.,"name[The Cricketers], eatType[restaurant], food[Chinese], priceRange[cheap], customer rating[5 out of 5], area[city centre], familyFriendly[yes], near[All Bar One]","The Cricketers is a restaurant that serves Chinese food with a cheap price range, a 5 out 5 star customer rating, and is also kid friendly located near All Bar One in the city centre.",0.988721485,3
"name[The Cricketers], eatType[restaurant], food[Chinese], priceRange[cheap], customer rating[5 out of 5], area[city centre], familyFriendly[no], near[All Bar One]",The Cricketers is a restaurant located in the city centre near All Bar One that provides Chinese food which has a 5 out of 5 customer rating and the price range is cheap. It is not family friendly.,"name[The Cricketers], eatType[restaurant], food[Chinese], priceRange[cheap], customer rating[5 out of 5], area[city centre], familyFriendly[yes], near[All Bar One]","The Cricketers is a Chinese food restaurant and restaurant located near All Bar One in the city centre, it has 5 out of 5 star customer ratings, a cheap price range, and is kid friendly.",0.983319271,3
"name[The Cricketers], eatType[restaurant], food[Chinese], priceRange[cheap], customer rating[5 out of 5], area[city centre], familyFriendly[no], near[All Bar One]","The Cricketers is a restaurant having Chinese food in a cheap price range, customer rating is 5 out of 5. Located in city centre near All Bar One and no family friendly.","name[The Cricketers], eatType[restaurant], food[Chinese], priceRange[cheap], customer rating[5 out of 5], area[city centre], familyFriendly[yes], near[All Bar One]","The Cricketers restaurant specializes in providing Chinese food at cheap prices while garnering a customer service rating of 5 out of 5, located in the city centre, the Cricketers is family friendly and is near the All Bar One.",0.985580794,3
"name[The Cricketers], eatType[restaurant], food[Chinese], priceRange[cheap], customer rating[5 out of 5], area[city centre], familyFriendly[no], near[All Bar One]","The Cricketers is a restaurant having Chinese food in a cheap price range, customer rating is 5 out of 5. Located in city centre near All Bar One and no family friendly.","name[The Cricketers], eatType[restaurant], food[Chinese], priceRange[cheap], customer rating[5 out of 5], area[city centre], familyFriendly[yes], near[All Bar One]","The Cricketers restaurant serves Chinese food at a cheap price while providing excellence in customer service rating 5 out of 5, located in the city centre this family friendly restaurant is located right near All Bar One.",0.984608803,3
"name[The Cricketers], eatType[restaurant], food[Chinese], priceRange[cheap], customer rating[5 out of 5], area[city centre], familyFriendly[no], near[All Bar One]","The Cricketers is a restaurant having Chinese food in a cheap price range, customer rating is 5 out of 5. Located in city centre near All Bar One and no family friendly.","name[The Cricketers], eatType[restaurant], food[Chinese], priceRange[cheap], customer rating[5 out of 5], area[city centre], familyFriendly[yes], near[All Bar One]",There is a cheap restaurant named The Cricketers located in the city centre near the All Bar One. This family friendly establishment serving Chinese food has a rating of 5 out of 5.,0.981118774,3
"name[The Cricketers], eatType[restaurant], food[Chinese], priceRange[cheap], customer rating[5 out of 5], area[city centre], familyFriendly[no], near[All Bar One]","The Cricketers is a restaurant having Chinese food in a cheap price range, customer rating is 5 out of 5. Located in city centre near All Bar One and no family friendly.","name[The Cricketers], eatType[restaurant], food[Chinese], priceRange[cheap], customer rating[5 out of 5], area[city centre], familyFriendly[yes], near[All Bar One]","The Cricketers is a restaurant that serves Chinese food with a cheap price range, a 5 out 5 star customer rating, and is also kid friendly located near All Bar One in the city centre.",0.990876602,3
"name[The Cricketers], eatType[restaurant], food[Chinese], priceRange[cheap], customer rating[5 out of 5], area[city centre], familyFriendly[no], near[All Bar One]","The Cricketers is a restaurant having Chinese food in a cheap price range, customer rating is 5 out of 5. Located in city centre near All Bar One and no family friendly.","name[The Cricketers], eatType[restaurant], food[Chinese], priceRange[cheap], customer rating[5 out of 5], area[city centre], familyFriendly[yes], near[All Bar One]","The Cricketers is a Chinese food restaurant and restaurant located near All Bar One in the city centre, it has 5 out of 5 star customer ratings, a cheap price range, and is kid friendly.",0.99062215,3