mr1,nl1,mr2,nl2,one-hot score
"name[The Cricketers], eatType[restaurant], food[Chinese], priceRange[cheap], customer rating[5 out of 5], area[city centre], familyFriendly[no], near[All Bar One]",restaurant The Cricketers in city centre near All Bar One provides low price Chinese food with customer rating 5 out of 5. It is not family friendly.,"name[The Cricketers], eatType[restaurant], food[Chinese], priceRange[cheap], customer rating[5 out of 5], area[city centre], familyFriendly[yes], near[All Bar One]","The Cricketers restaurant specializes in providing Chinese food at cheap prices while garnering a customer service rating of 5 out of 5, located in the city centre, the Cricketers is family friendly and is near the All Bar One.",0.693103280083672
"name[The Cricketers], eatType[restaurant], food[Chinese], priceRange[cheap], customer rating[5 out of 5], area[city centre], familyFriendly[no], near[All Bar One]",restaurant The Cricketers in city centre near All Bar One provides low price Chinese food with customer rating 5 out of 5. It is not family friendly.,"name[The Cricketers], eatType[restaurant], food[Chinese], priceRange[cheap], customer rating[5 out of 5], area[city centre], familyFriendly[yes], near[All Bar One]","The Cricketers restaurant serves Chinese food at a cheap price while providing excellence in customer service rating 5 out of 5, located in the city centre this family friendly restaurant is located right near All Bar One.",0.7156600534955909
"name[The Cricketers], eatType[restaurant], food[Chinese], priceRange[cheap], customer rating[5 out of 5], area[city centre], familyFriendly[no], near[All Bar One]",restaurant The Cricketers in city centre near All Bar One provides low price Chinese food with customer rating 5 out of 5. It is not family friendly.,"name[The Cricketers], eatType[restaurant], food[Chinese], priceRange[cheap], customer rating[5 out of 5], area[city centre], familyFriendly[yes], near[All Bar One]",There is a cheap restaurant named The Cricketers located in the city centre near the All Bar One. This family friendly establishment serving Chinese food has a rating of 5 out of 5.,0.7027283689263064
"name[The Cricketers], eatType[restaurant], food[Chinese], priceRange[cheap], customer rating[5 out of 5], area[city centre], familyFriendly[no], near[All Bar One]",restaurant The Cricketers in city centre near All Bar One provides low price Chinese food with customer rating 5 out of 5. It is not family friendly.,"name[The Cricketers], eatType[restaurant], food[Chinese], priceRange[cheap], customer rating[5 out of 5], area[city centre], familyFriendly[yes], near[All Bar One]","The Cricketers is a restaurant that serves Chinese food with a cheap price range, a 5 out 5 star customer rating, and is also kid friendly located near All Bar One in the city centre.",0.7035264706814485
"name[The Cricketers], eatType[restaurant], food[Chinese], priceRange[cheap], customer rating[5 out of 5], area[city centre], familyFriendly[no], near[All Bar One]",restaurant The Cricketers in city centre near All Bar One provides low price Chinese food with customer rating 5 out of 5. It is not family friendly.,"name[The Cricketers], eatType[restaurant], food[Chinese], priceRange[cheap], customer rating[5 out of 5], area[city centre], familyFriendly[yes], near[All Bar One]","The Cricketers is a Chinese food restaurant and restaurant located near All Bar One in the city centre, it has 5 out of 5 star customer ratings, a cheap price range, and is kid friendly.",0.6804138174397717
"name[The Cricketers], eatType[restaurant], food[Chinese], priceRange[cheap], customer rating[5 out of 5], area[city centre], familyFriendly[no], near[All Bar One]","There is a restaurant called The Cricketers providing Chinese food located in the city centre near All Bar One with 5 out of 5 customer rating and it's price range is cheap, but it is not family friendly.","name[The Cricketers], eatType[restaurant], food[Chinese], priceRange[cheap], customer rating[5 out of 5], area[city centre], familyFriendly[yes], near[All Bar One]","The Cricketers restaurant specializes in providing Chinese food at cheap prices while garnering a customer service rating of 5 out of 5, located in the city centre, the Cricketers is family friendly and is near the All Bar One.",0.7894374242084413
"name[The Cricketers], eatType[restaurant], food[Chinese], priceRange[cheap], customer rating[5 out of 5], area[city centre], familyFriendly[no], near[All Bar One]","There is a restaurant called The Cricketers providing Chinese food located in the city centre near All Bar One with 5 out of 5 customer rating and it's price range is cheap, but it is not family friendly.","name[The Cricketers], eatType[restaurant], food[Chinese], priceRange[cheap], customer rating[5 out of 5], area[city centre], familyFriendly[yes], near[All Bar One]","The Cricketers restaurant serves Chinese food at a cheap price while providing excellence in customer service rating 5 out of 5, located in the city centre this family friendly restaurant is located right near All Bar One.",0.7780780201274198
"name[The Cricketers], eatType[restaurant], food[Chinese], priceRange[cheap], customer rating[5 out of 5], area[city centre], familyFriendly[no], near[All Bar One]","There is a restaurant called The Cricketers providing Chinese food located in the city centre near All Bar One with 5 out of 5 customer rating and it's price range is cheap, but it is not family friendly.","name[The Cricketers], eatType[restaurant], food[Chinese], priceRange[cheap], customer rating[5 out of 5], area[city centre], familyFriendly[yes], near[All Bar One]",There is a cheap restaurant named The Cricketers located in the city centre near the All Bar One. This family friendly establishment serving Chinese food has a rating of 5 out of 5.,0.7503752814845802
"name[The Cricketers], eatType[restaurant], food[Chinese], priceRange[cheap], customer rating[5 out of 5], area[city centre], familyFriendly[no], near[All Bar One]","There is a restaurant called The Cricketers providing Chinese food located in the city centre near All Bar One with 5 out of 5 customer rating and it's price range is cheap, but it is not family friendly.","name[The Cricketers], eatType[restaurant], food[Chinese], priceRange[cheap], customer rating[5 out of 5], area[city centre], familyFriendly[yes], near[All Bar One]","The Cricketers is a restaurant that serves Chinese food with a cheap price range, a 5 out 5 star customer rating, and is also kid friendly located near All Bar One in the city centre.",0.8013093298449994
"name[The Cricketers], eatType[restaurant], food[Chinese], priceRange[cheap], customer rating[5 out of 5], area[city centre], familyFriendly[no], near[All Bar One]","There is a restaurant called The Cricketers providing Chinese food located in the city centre near All Bar One with 5 out of 5 customer rating and it's price range is cheap, but it is not family friendly.","name[The Cricketers], eatType[restaurant], food[Chinese], priceRange[cheap], customer rating[5 out of 5], area[city centre], familyFriendly[yes], near[All Bar One]","The Cricketers is a Chinese food restaurant and restaurant located near All Bar One in the city centre, it has 5 out of 5 star customer ratings, a cheap price range, and is kid friendly.",0.8137334712067349
"name[The Cricketers], eatType[restaurant], food[Chinese], priceRange[cheap], customer rating[5 out of 5], area[city centre], familyFriendly[no], near[All Bar One]",The Cricketers is a restaurant located in the city centre near All Bar One that provides Chinese food which has a 5 out of 5 customer rating and the price range is cheap. It is not family friendly.,"name[The Cricketers], eatType[restaurant], food[Chinese], priceRange[cheap], customer rating[5 out of 5], area[city centre], familyFriendly[yes], near[All Bar One]","The Cricketers restaurant specializes in providing Chinese food at cheap prices while garnering a customer service rating of 5 out of 5, located in the city centre, the Cricketers is family friendly and is near the All Bar One.",0.7647058823529411
"name[The Cricketers], eatType[restaurant], food[Chinese], priceRange[cheap], customer rating[5 out of 5], area[city centre], familyFriendly[no], near[All Bar One]",The Cricketers is a restaurant located in the city centre near All Bar One that provides Chinese food which has a 5 out of 5 customer rating and the price range is cheap. It is not family friendly.,"name[The Cricketers], eatType[restaurant], food[Chinese], priceRange[cheap], customer rating[5 out of 5], area[city centre], familyFriendly[yes], near[All Bar One]","The Cricketers restaurant serves Chinese food at a cheap price while providing excellence in customer service rating 5 out of 5, located in the city centre this family friendly restaurant is located right near All Bar One.",0.753702346348183
"name[The Cricketers], eatType[restaurant], food[Chinese], priceRange[cheap], customer rating[5 out of 5], area[city centre], familyFriendly[no], near[All Bar One]",The Cricketers is a restaurant located in the city centre near All Bar One that provides Chinese food which has a 5 out of 5 customer rating and the price range is cheap. It is not family friendly.,"name[The Cricketers], eatType[restaurant], food[Chinese], priceRange[cheap], customer rating[5 out of 5], area[city centre], familyFriendly[yes], near[All Bar One]",There is a cheap restaurant named The Cricketers located in the city centre near the All Bar One. This family friendly establishment serving Chinese food has a rating of 5 out of 5.,0.7827803638564368
"name[The Cricketers], eatType[restaurant], food[Chinese], priceRange[cheap], customer rating[5 out of 5], area[city centre], familyFriendly[no], near[All Bar One]",The Cricketers is a restaurant located in the city centre near All Bar One that provides Chinese food which has a 5 out of 5 customer rating and the price range is cheap. It is not family friendly.,"name[The Cricketers], eatType[restaurant], food[Chinese], priceRange[cheap], customer rating[5 out of 5], area[city centre], familyFriendly[yes], near[All Bar One]","The Cricketers is a restaurant that serves Chinese food with a cheap price range, a 5 out 5 star customer rating, and is also kid friendly located near All Bar One in the city centre.",0.8060599359358185
"name[The Cricketers], eatType[restaurant], food[Chinese], priceRange[cheap], customer rating[5 out of 5], area[city centre], familyFriendly[no], near[All Bar One]",The Cricketers is a restaurant located in the city centre near All Bar One that provides Chinese food which has a 5 out of 5 customer rating and the price range is cheap. It is not family friendly.,"name[The Cricketers], eatType[restaurant], food[Chinese], priceRange[cheap], customer rating[5 out of 5], area[city centre], familyFriendly[yes], near[All Bar One]","The Cricketers is a Chinese food restaurant and restaurant located near All Bar One in the city centre, it has 5 out of 5 star customer ratings, a cheap price range, and is kid friendly.",0.8185577344976238
"name[The Cricketers], eatType[restaurant], food[Chinese], priceRange[cheap], customer rating[5 out of 5], area[city centre], familyFriendly[no], near[All Bar One]","The Cricketers is a restaurant having Chinese food in a cheap price range, customer rating is 5 out of 5. Located in city centre near All Bar One and no family friendly.","name[The Cricketers], eatType[restaurant], food[Chinese], priceRange[cheap], customer rating[5 out of 5], area[city centre], familyFriendly[yes], near[All Bar One]","The Cricketers restaurant specializes in providing Chinese food at cheap prices while garnering a customer service rating of 5 out of 5, located in the city centre, the Cricketers is family friendly and is near the All Bar One.",0.7827803638564368
"name[The Cricketers], eatType[restaurant], food[Chinese], priceRange[cheap], customer rating[5 out of 5], area[city centre], familyFriendly[no], near[All Bar One]","The Cricketers is a restaurant having Chinese food in a cheap price range, customer rating is 5 out of 5. Located in city centre near All Bar One and no family friendly.","name[The Cricketers], eatType[restaurant], food[Chinese], priceRange[cheap], customer rating[5 out of 5], area[city centre], familyFriendly[yes], near[All Bar One]","The Cricketers restaurant serves Chinese food at a cheap price while providing excellence in customer service rating 5 out of 5, located in the city centre this family friendly restaurant is located right near All Bar One.",0.7715167498104596
"name[The Cricketers], eatType[restaurant], food[Chinese], priceRange[cheap], customer rating[5 out of 5], area[city centre], familyFriendly[no], near[All Bar One]","The Cricketers is a restaurant having Chinese food in a cheap price range, customer rating is 5 out of 5. Located in city centre near All Bar One and no family friendly.","name[The Cricketers], eatType[restaurant], food[Chinese], priceRange[cheap], customer rating[5 out of 5], area[city centre], familyFriendly[yes], near[All Bar One]",There is a cheap restaurant named The Cricketers located in the city centre near the All Bar One. This family friendly establishment serving Chinese food has a rating of 5 out of 5.,0.7333333333333333
"name[The Cricketers], eatType[restaurant], food[Chinese], priceRange[cheap], customer rating[5 out of 5], area[city centre], familyFriendly[no], near[All Bar One]","The Cricketers is a restaurant having Chinese food in a cheap price range, customer rating is 5 out of 5. Located in city centre near All Bar One and no family friendly.","name[The Cricketers], eatType[restaurant], food[Chinese], priceRange[cheap], customer rating[5 out of 5], area[city centre], familyFriendly[yes], near[All Bar One]","The Cricketers is a restaurant that serves Chinese food with a cheap price range, a 5 out 5 star customer rating, and is also kid friendly located near All Bar One in the city centre.",0.7945521577046603
"name[The Cricketers], eatType[restaurant], food[Chinese], priceRange[cheap], customer rating[5 out of 5], area[city centre], familyFriendly[no], near[All Bar One]","The Cricketers is a restaurant having Chinese food in a cheap price range, customer rating is 5 out of 5. Located in city centre near All Bar One and no family friendly.","name[The Cricketers], eatType[restaurant], food[Chinese], priceRange[cheap], customer rating[5 out of 5], area[city centre], familyFriendly[yes], near[All Bar One]","The Cricketers is a Chinese food restaurant and restaurant located near All Bar One in the city centre, it has 5 out of 5 star customer ratings, a cheap price range, and is kid friendly.",0.8068715304598786
